review_id,user_id,business_id,stars,text
JrIxlS1TzJ-iCu79ul40cQ,eUta8W_HdHMXPzLBBZhL1A,04UD14gamNjLY0IDYVhHJg,1.0,I am a long term frequent customer of this establishment. I just went in to order take out (3 apps) and was told they're too busy to do it. Really? The place is maybe half full at best. Does your dick reach your ass? Yes? Go fuck yourself! I'm a frequent customer AND great tipper. Glad that Kanella just opened. NEVER going back to dmitris!
RB8UpF_kT2xoOC51OzXEeA,EZjT2qJN0mOXypMAqZdSrQ,A2q7d-CBM2-81tVkmS4JMw,2.0,"Straight to the point, it's cheap, it tastes and feels cheap  The good: price, location, dessert (edible food items are: baked chicken, fried chicken, mashed potatoes, Salad bar lol, meat and cheese bar, ravioli, pizza) also our waitress was bomb af  The meh: behind counter meat slicing station, shrimp (not even deveined), Mexican station  The bad: breakfast -worst eggs ever, actually worst, eggs. Le Benedict can't even cut through ham or English muffin (tried on all 3 occasions), steak, shrimp again, hell breaded items can't even, don't even. Decor it's the 1970 nightmare you can imagine  Tried 3 times and failed"
Ki90-hauSIfW_7sBuBBqfA,Z2cOL3n9V8NoguJ-uU_Nvw,j8JOZvfeHEfUWq3gEz6ABQ,2.0,"NEVER AGAIN. This is a so called restaurant that does nothing that a restaurant should other than prepare food, because the rest is done by the patron. Want water? Get up and go across the yard to get it. Want a drink, walk up a flight of stairs and pay cash. Want to sit in a dirty yard in dirty lawn chairs, enjoy yourself. The wait staff is mildy helpful in that they bring you your food after you go to the window and pay cash for it...kind of like New Orleans Hamburger and Seafood, but dirty and with live music (which is nice). It's a one in a lifetime experience for me...just once."
yCbzm_d4cHpfUX00Ljvgmg,bHSoye7R5cL-LVWLxtaxMg,SSZDGl2J-CEyIzuIbEiYNQ,2.0,"We started with the artichoke dip, big mistake. It was cold and the chips were stale. Mentioned to our waitress, but nothing came of it.  We ordered a large pizza, thin crust which after adding toppings it was a bit pricey for pizza.  Pizza was ok, not great. Except for not being our advocate our server was good.  I have been here before for Cardinals game, it was better then. Will try another venue next time."
PDHRlnEdkEcwATry4w71PQ,UsBxLh14sUpO8SdeqIiGOA,Wy8Hswf2cLQGRZN6armkag,1.0,"If I could give it a zero, I would. I order a plain hamburger, and realized they put  bacon in it (which I am allergic to and unable to eat) after two bites. When I went back to the drive-through window to complain (didn't realize the actual restaurant was open--it was almost 2 after all...), the guy took back the burger, said nothing, and disappeared. After 2 minutes of awkwardly making conversation with the next people in line in their car, he came back and rudely told me I had to go inside to get my food. Which I did. And still did not get an apology.  I refuse to go back there after that ordeal, which is a shame, because it's nice to have a variety of places to go to after DT. Guess Freebirds it is!"
meGaFP7yxQdjyABrYDVeoQ,_jaJDV-qTBafatbObmtzpA,cg4JFJcCxRTTMmcg9O9KtA,1.0,"Skip this train wreck if you are looking for dinner.  Our server was clueless...like we seriously thought she was lost in the restaurant.  Had to ask for setups, water refills, etc.  Ordered chicken parmesan and got eggplant parmesan instead with a fish bone in it.  The drinks were good."
5M9fBQINWamyQPdJ7OQkeA,kHmXUEOAsIbguUrPoX6Tkg,iD25g7vUG3asELjXtMGF9w,2.0,"Meh is all I can say for TDS. The restaurant itself is just cold.... not literally, but figuratively. There was no decor, no menu boards, stainless steel prep tables as dining tables, no soda machines, staff EVERYWHERE with no identification (shirts, nametags, etc). The food is reasonably priced and most of it was quite good, but what really irked my party was the fact that they charge for extra salsa!!! We ordered a salsa trio (which included 3 samples of the various salsas, in 2oz glass prep bowls), and when my brother asked for more salsa for his tacos (mind you, we ordered one of ever taco, three burritos and guacamole), he was told he'd have to buy the trio again! Really!!??? We spent over $40 on food, drinks and apps, too. Even though the food was decent, I wouldn't return as the atmosphere is just blah and you can't get extra salsa for your damn tacos!"
O2QGOa66t5BCYDvxLiOtbA,ysU9kNZiFXY7MrFWVIUaTg,cB_9eHHfo9me96cZup-lZQ,1.0,"We stayed at The Saint last year for a girl's trip. The lobby is lovely, they have a cool bar and restaurant that you can't help but to ""ohh and ahh"" over when you walk in.  All the things I'm accustomed too when I stay at a hotel anywhere...ambiance, a little sexy but not overkill! Everyone is so friendly, etc.  I'm thinking ""oh shhhh this is going to be a great weekend!""  I checked in a few hours before my girl arrived because I had a ton of work i needed to do. So I set up my laptop ordered some room service and worked for about 4 hours straight. Left out to buy a bottle and get a mani/pedi.  My girl arrives...its about to be some trouble in NOLA... the two of us and no supervision...we pop out for dinner, come back in giggling as usual and we see it...a HUGH flying roach.  I'm freaked out.  I literally walk right out of the room down to the front desk.  I CANNOT!!!! They tell me they're sending a maintenance worker to handle it.  NOT GOOD ENOUGH! If there's one that's bold enough to show itself, he has other cohorts that prefer to live behind the scenes. They give us another room but tell me they can't do more until 8am.  No the room the move us too also has small spiders and other dead small bugs in the corners of the window. The TV doesn't work and one of the lamps doesn't have bulbs in it! COME ON!  At this point its about 3am and I know I'm not staying here past 8:15am. I dont want to sit my purse let alone my luggage in this hotel! I go online to my normal go to hotel, The W and book us there for the rest of the trip! 8am comes and goes no manager comes to our room. I go down and demand to see someone immediately.  This younger gentlemen comes out and apologizes.  I thank him for his apology and politely request ALL of my money back immediately.   He obliged and asked if  I would consider coming back after changes have been made! Bless his heart. NO dear!"
zM7u3iffMjniyvQAaN9Tnw,QacYrFyCrFLmC726YEEBsA,29YqJwOGEuAWqlHZxMc1OA,1.0,"So disappointing on so many levels. Have been coming here for years - and the quality of food has fallen off a cliff. Strike one - we shared an artichoke to start - and clearly it had been prepared beforehand (eg, cold on the inside - but the flesh was cooked through)  Strike two - my wife had a Greek salad - and it clearly all came from a bag and was extremely overdressed with tasteless dressing.  Strike three - I had grilled yellowtail which was basically execrable - could not even finish it (overcooked and an inferior-frozen piece of fish - unacceptable for SB).   In short - great setting, good service - but with such horrible food - not worth the visit. This place really needs to up the quality of food - or it's going to end up just another lower State dive for the tourists."
q22lpVDGRGiglEUqjdbA4A,8BWSevPgwWzMwqu_K-AdfA,P10BsKUeoeCeVoK4BS2u0w,2.0,"I've been wanting to try Trust Me BBQ for over a year now.  I stopped in there about 3 months ago and waited in line for 10 minutes with no service and left.  After reading reviews, I figured I'd give it a chance again just to see what all the fuss is about.  The food was 50/50 but the service was horrible so I'll likely never return.  The gentleman behind the counter didn't speak, smile or engage with us at all, I felt like I was at a vending machine.  Once we finally ordered, he didn't even listen to the order and put the wrong sides in our meals, we had to correct him while he was serving.  All in all, I will just stick with Down to the Bone BBQ  Pros:  BBQ Sauce is delicious, macaroni salad was different and interesting, ""pulled"" pork was moist.  Cons:  Chicken was more dry than a sheet of paper, inedible even with the BBQ Sauce.  Mac & Cheese was served from a pan that has probably been on the steam table for 2-3 days.  Collard Greens were very mildly flavored."
X-ibMbsz1nWAcetMERluBQ,6M7PMBWbBcp5VZ84AY3EFA,mLNSOU8Ki0Fm09xd6ZKkcA,2.0,"I had the Chicken Marsala recommended by our waiter. The chicken was very thin, tough, and dry. The pasta was under cooked and stuck together. There was absolutely no flavor. My friend ordered the lasagne and did not like it all. There was only a thin layer of pasta and no flavor. My other friend was still eating her dinner and they cleared her plate when she went to the restroom, after she told the waiter she was not finished. They did bring her a new meal in a doggie bag. The positives are a Great atmosphere and live music. I enjoyed dancing with my husband. However, very expensive for awful food."
HSjRz31mvRBQRo8deXrr_w,K-3kF5Wc3b8cOHTAJpV9tA,ORL4JE6tz3rJxVqkdKfegA,2.0,"Too big, too expensive and too far from Downtown.    I was here for a conference, which seemed like an awesome idea. It wasn't.  I'm in Direct Sales and (like most people at this conference) don't have tons of extra money to spend on mediocre meals when I'm traveling.  $10 for a slice of generic pizza, small side salad and a soda for lunch.   I understand it's a hotel but there weren't any options close by.  Just getting your car from valet was a hassle and took a lot of time.  Being such a big property, it made getting to restaurants off the property really time intensive.  Since you're so far out of Nashville (out near the airport), the good little holes you find when you're in a city are pretty nonexistent.    The property itself was great.  The hotel is HUGE but really pretty.  I enjoyed walking around but was really happy when I found what I didn't know existed...a shortcut between my room and the Convention Center.  It took my 10-15 minute walk down to about 3 minutes!  BONUS!  Like I said, this place is ginormous.    Room: Our room was great.  I shared a wonderful suite in the Garden Conservatory with 2 other girls.  We were under a group rate and my friend was quoted $200/night, which is awesome for the space we had.  We had a large room (probably used as a hospitality suite for groups) for socializing.  It had a great bar area set-up and a nice big fridge and lots of drawer space.  Our bedroom was separated by doors that could be locked from either side (like an adjoining room), so it looked like the hospitality suite could be reserved without reserving the room.  It was different than what I was expecting, but whatevs.  It was fine.  So, I wasn't there at check-in.  The girl who reserved the room checked in a couple days earlier than my friend and I.  So, Sunday comes, and the bill was waiting for us when we woke up.  Our friend was charged $1200 for one room (I'm guessing the suite) and $1400 for the other room.  YEP.  She reserved what she thought was a 2 room suite for $200.  The bedroom door was closed when she got there and she asked them to open it up. It was all arranged by the bellman.  She was never told that the bedroom wasn't included....kind of necessary if you're staying over for 6 nights, dontcha think???  So, she's being charged $2600 for what was supposed to be $1200.  Last I heard, the Gaylord's legal department was investigating what she was told, what she wasn't told and if they should charge her the entire amount.    Checkout:  A FREAKING NIGHTMARE.  Between the money situation, which was not resolved as of late this week, and the 45 minute wait for a cart (in a hotel that holds thousands of people, you'd think they'd be plentiful and they aren't) and a 25 minute wait for the car, my friend and I decided to sweat it out and schlep our goods to the door where our car would be delivered to us.  It was not a short walk and we had a TON of stuff, which meant multiple trips.  UGH.  I'm sure I'll be back for another conference (I am pretty sure my company has booked this for at least one more year....) but I'm not going to be happy about it.  I might even consider driving down, staying in a hotel somewhere downtown and driving out to the Conference stuff."
MyGhCZTxjVx9izvW4vIHwg,QJ-ikvhuRcigSCAWJTrnqQ,pSmOH4a3HNNpYM82J5ycLA,2.0,"REALLY below average food.  Akin to waffle house.  I wanted this to be good based on the reviews but not so.  The pancakes tasted like a frozen processed version, ""homemade"" maple syrup was watery/sugary with fake flavoring.  Trees make authentic syrup, not people.  The hash browns were greasy and fairly tasteless. The bacon overcooked, hard and chewy.  Obviously had been sitting awhile. Overall, very uninspired food.  Unfortunately, this is one of those places that is living on an outdated ""must go"" reputation.  There are much better offerings in Nashville."
dUkUiVjwb9xCF1kMqjT6nA,EDPlya2Sfu0teqreA3rlZw,FnEkr6LzjuGsg93Z7fkl7Q,2.0,"Before I share the main issue, I want to share the reason I give any stars is because of our awesome server, LaToya. She was thoughtful and engaging!   The black bean burger was dry. Sweet potato fries were good.   Today while at lunch with a group of colleagues the most disturbing thing happened. I noticed the manager in a green sweater lingering around the entrance and then two cop cars with lights flashing pulled up and 3 officers rushed in walked to the table next to us that the manager was pointing to and one of the officer's proceeded to pull out their handcuffs and tell the guy delivering food to put food down at the table and hands behind his back. They escorted him near the front door and had him sit down for a moment before taking him outside in freeZing cold with no jacket where he stood for a few minutes while cops came in and out of restaurant.   This entire thing was poorly handled, disturbing and unsettling not only to the customers but the other staff. They should have had the cops walk back away from where customers were and deal with it there. Then all the managers disappeared not available to talk to any of the customers let alone apologize or acknowledge people being unsettled.   No one needs to know why the arrest happened but there needed to be more care for customers and staff in how it was handled.   Not ok!!!"
ep8FfviAfqHNyhpW6MQ2jA,n-lBS02-3yvlY5Q91mmwDA,2S_CEQYBbp8RO1bJm_1mng,2.0,"Hipsters unite!  I've never had a good time at The Taint, despite several people's attempts top tell me otherwise.  I'm not impressed by the apathy here, or the dirty-headed Garden District crapfest of regular clientele.  Boo."
er-igpuhBprkQPfct63ktA,4mbLmbA-thaDIZTlgxsaCQ,q0Fi4n7shUTmlxl-mMPVXA,2.0,My18 year old daughter had a severe soar throat. We had seen another fast clinic in a CVS. A few days earlier and recieved a miss diagnosis of a fungus infection. She was prescribed an oral medication that made the condition much worse. We were the only patients at this clinic the entire visit and it took us over 1 hour. The staff were very robotic like in there behavior. I tried to ask a question on the way out and was told I was not aloud to be there. Very strange since I was already there. It felt like I was being hurried out the door. Keeping in mind there were no other patients in the facility during our visit I was confuses about the wait time and gruf  behaviour. I found the experience to be very unfriendly. It is best to have a good primary care physician and avoid these places at all cost.
lt-tsizQin_wNCkQv71YPQ,qWSAH4MzFbHV6UsseJVlZg,dUctvEfHQccW_uxtRup2QQ,1.0,"I had a horrible experience here. The waiter was great but as I got my appetizer, there was it has a hair in it. Next the noodles came out mine was fine but my friend has a huge hair in his. I thought he was joking until he told me. After that it ruined my appetite, I gave the noodles back and they didn't even give me a new one, I thought I should've got the food for free at that point.. never eating here again"
Zb_27vX8weaYyDn-_2ZhVA,5C_C7bd6rZYgiP4puQxESQ,0Kn5W22UmxOqPj2cjouFNA,1.0,"This is an updated review. I've been ordering from silver mine's at the same location for the last 4-5 years and they have only gotten progressively worse. Don't ask for anything to be added to your soup or chili; they'll charge you for the additions but will not include them in the order. They'll also most likely to include the free side such as the bread. It literally takes at least an hour to get your food delivered, maybe they should call Jimmy Johns and ask the what their secret is. This business is in major trouble with all of the other options available. The service is worse than if you had a bunch of kindergarteners running the business, at least they would be nice. You guys are right next to Eller Business School, why don't you ask them how you can improve??? Currently, this place is an embarrassment to their industry, and a waste of space on University Blvd. NEVER ORDERING FROM THIS PLACE AGAIN."
bVgpM_sA9AMAlL2R5TPNAQ,8DSuxkm7SyX9fgQTw2tuaw,dz_aIFbATP2PLWQSOBnMfw,1.0,"Pretty slow service and the waitresses aren't very kind. I guess I was expecting something different at a diner with high ratings but I understand it's in the middle of a tourist area. However, service should be a priority. Something that really bothered me was how much trash was left on the floor of the outside deck- it all has the potential to blow right into the ocean. NOT OKAY. I had to stand up several times to grab straw wrappers and napkins before they blew into the water. If you're going to have a waterfront/beach front business, be responsible about it. It would be a very easy fix-just a screen on the bottom of the fence. The food was good but I won't be back."
t3SWA33VyH353uoE6UAe2g,E2CuwvUZdhvrAvvNdmmN8A,eS4billU3Yd9hoVUFfZFbA,2.0,"I love Skyline Chili.  I first had this stuff in Cincinnati, and I was thrilled to when a location opened in Clearwater.   This particular Skyline, however, is not great.  The service is generally poor, and the food comes out very slowly.   It seems like every time that I go, they are ""out"" of something, or some equipment isn't working.  Sometimes it's baked potatoes, sometimes it is french fries, sometimes it is something else.  Love the cheese coney hot dogs all the way!  I hope this location can get their act together."
eBrVkzHhHKZxyVS1SPKbJw,1PJ-RjMqXHeymSkLRzuIdA,nOyphAl0JQ8JrvNi93pclQ,2.0,"So I no longer go here which is a shame because The eyebrow waxing here is fantastic. I am giving this 2 stars because when I have contacted for an appointment via the phone, it usually has taken days for me to get a response. The online booking is useless because I rarely have found appointments within 2 weeks of when I need it (and I'm very flexible with time of day).   I give up on this place. Unless you book out weeks in advance, you will not get an appointment. I'm now paying $10 more elsewhere which sucks but I'm able to get seen when I need to be seen."
C63d7kiqdlTya-2pfKmong,5zVOhYaGoCadhC55eJ2r7Q,7ENaqdbPmYGSFaa8tXZzFA,2.0,"I don't think they have enough staffs here. Always you can see customers waiting. It took them about an hour and more to have my car ready. Even worse, in the next morning before I was gonna take my family out for a trip, I found my car had no wiper fluid; hence I had no choice but went back and waste another hour waiting them to refill it.  The car was not thorough cleaned (either outside or inside). I rent the car on May 18th, extremely close to my 25th birthday (June 6th), and still, I was still charged for underage fee, which is extremely expensive -- $20 BEFORE TAX PER DAY. There was just no way to waive it. I should have gone for, and I will recommend others in the future to find another rental company such as Hertz, at which you can always find codes to waive this crazy fee.  The last thing is DO NOT buy the fuel option. Although it claims $1.99 per gallon, this is before tax. You will find the price after tax to be very closed to what you can find outside. And, you will NEVER return the car on empty. This is nothing good but a trick for rental companies to steal 3- to 4-gallon sales from you.   *** Final note: Not about this location but where I returned my car.  ""Return Location Address and Phone Number : PORT JEFFERSON STATION 320 ROUTE 112 PORT JEFFERSON STATION, NY 11776-1010 Tel.: (631) 474-2100""  This address is totally WRONG!!! I kept asking people around this address for the right location and wasted another hour when returning my car!"
X-CWXNjxwaqHwSME0Q3KpA,Jed-PEquPj78qyejkevQyQ,k6XrnjX2TBM_nDzD_XA9NQ,2.0,"Terrace Lounge appears to want to have a great cocktail venue, but they fall short.  One bartender didn't even know there was a new cocktail menu.  The cocktail was weak and watery, and the liquors they have here and throughout Peppermill are the most unfortunate corporate types.  The service is also very spotty.  It confounded me how four bartenders could not seem to handle about 45 customers.  They didn't have any bar areas, so they all floated around the circle, but then they'd stop, often just short of me and go to the waitress stations to fill their orders.  You can't really build up any rapport with four bartenders floating around trying to serve everyone.  I also hated the people there.  Sorry, but many were your run-of-the-mill casino gamblers.  Why don't you just sit at a machine and play?  You didn't come here for the drinks or to smooze with the bartenders, so seriously, go sit at a machine.  One just sat next to me and lite up a cancer stick and the smoke just blew in my face.  Look, if I walk into a bar and sit next to someone, it's their turf.  They can smoke, fart, vomit on themselves, if I don't like it I can leave.  But if I'm there, it's my turf.  Don't come sit next to me and smoke, fart, or vomit all over yourself.  Or at least be frickin thoughtful and if you see your smoke wafting in my face, put your cancer stick and tray on the other side of the bar so it wafts in your face.  Oh, you don't like smoke in your face???  Me neither moron.  Your life revovles around throwing away your pension money in a mindless electronic game of cards and killing yourself with carcinogens and toxins, well go kill yourself in private, seriously.  You don't see me walking up to a bar and slitting my wrists and burning my money.  It's gross.  I probably just realized this, but I really enjoy Cin Cin not only because they have the best cocktails in town, but they have no machines at the bar.  Peppermill, if you want to create a cool cocktail bar, ditch the machines, train your staff, or hire bartenders with better service skills, and buy some independent liquors."
NUqNm6gqj-iOWo30r_iFrA,ynmWePv8_bHKn_E5Ghns3w,EbTJAD4R68mbRLapvF0skA,1.0,"Our server was awesome. Very tentative and extremely nice! That is the only thing saving this place plus the maple wings were delicious. Now for the bad part. We paid 35 dollars for the ""piano guys"" to sing a song to the birthday girl. We had 3 options of songs that we wanted to hear. They called our birthday girl on stage and began to sing a rendition of Aladins whole new world. (Which was not one of the songs we had picked) The song quickly turned to a absolutely disgusting remake. The piano guy sang so our birthday girl about opening her thighs,tying her up, filling holes, splurging on her face, and cumming in her hair. It was even worse than that. Her husband and family including parents were in the crowd but luckily couldn't hear to well because the sound system is terrible. Our birthday girl even stopped the piano man and told him to stop and he continued and made it even dirtier. It was disgusting, offensive, and embarrassing. Trust me we are not prudes by any means but this was way too far. It completely ruined the experience and we all immediately left. We spent our time and money there only to have the birthday ruined. Also for 35 dollars we paid we only heard 1 of the songs which they only sang  part of."
YQtuP2OsLItDgSyEu5wfHA,m2BVQanoUOrtJc5_GYch2w,lwdkX7KcibM4mDqpDfK7JA,2.0,"Had a falafel wrap here a few years ago. Not bad, so tried it again today. No flavor, except extreme saltiness! The falafels & pita = no flavor. I was hoping the tzatziki sauce would pull it all together, nope! It had no flavor either. It wasn't like the sauce you'd imagine, but more like a thin tasteless glue. Only good part about the wrap were the fresh diced cucumber & tomato, too bad that was underneath the icky white sauce that doesn't even deserve to be called tzatziki : ("
INSGnYhsLHPc7v0VjuNxzw,oQLVpszk6Bz5zEwZSrEY-g,0ol0GxG-mp_ZZlrSlXFeWA,1.0,"im going to have to give this place one star for its horrible customer service:  i called in to ask about the 50% off for tulane students they were advertising, the woman assured me if i came with an id it would be half off and made an appointment for me, only once i got there did they tell me it's only on certain days, ""it says it right on the sign,"" i was perturbed by the inconvenience and said so you're not going to honor it even though you just made an appointment with me and told me it would be 50% off, they said no flat out at first even though the error was blatantly on their side, after my nagging, she eventually called john jay himself and he told the woman that he would not honor what i was told even though i had been inconvenienced by someone in HIS staff because it might cause a 'domino effect,' i said how will there be a domino effect unless you continue to give people incorrect information, there will be no other 'dominoes' as long as you remember what day it is from now on... they began to treat me somewhat patronizingly as i explained that usually businesses make concessions when they are the one at fault, that the customer is supposed to always be right, yadda yadda yadda, i left pretty upset and with ~45 minutes of my life having been wasted - empty handed but for a lame excuse from someone who owns at least 3 businesses over 10 dollars...  i have not received a haircut from them so if you're one of those people who ONLY cares about the product and you think you'll get a good cut go right on ahead, but if you're like me (principled) and you don't like handing profits to people who care nothing about their customers this is a good place to skip next time you need a cut"
-RsFYcZz0HeSrAhu5xDWBg,-cb2SLDoCysQFxbDDf_0pg,Q1HHAb4FzrzfnnrRyA8fgg,2.0,"My sister-in-law and I visited this restaurant on 8/28/15 mid afternoon.  We were seated after requested 3 times that the hostess speak a little louder because we couldn't even hear her with the background music.  We were seated in a booth with a never ending Larry King vitamin commercial on the TV - really?  Our waitress introduced herself and a new trainee and then we never saw her again.  Two other wait staff seemed to be sharing our table, but no idea who was responsible for our table.  We got our drinks and ordered, but food took forever considering there was not more than 15-20 filled tables in the entire restaurant.  Burgers were not bad - I ordered the blue cheese burger and it would have been better with less blue cheese, way too much!  Fries and onion sticks were very good.  But no one came to see if we were satisfied, needing anything, etc and took two requests and waiting to get a carry out box.  There was a family seated across the aisle from us when we arrived and we assumed they had finished their meal and were ""hanging out"".  Only after we received our food did we understand they had already ordered and still did not have their food!  I doubt I will return to this restaurant in the future."
2zN9R1C5RTZ9oxuQ1uhP6Q,hDvvt85_jRElidmq5nvJ4Q,8zvsq2duG2u0rB7R8ZDeMg,1.0,"They have the WORST service advisors! Used to be good before Kelly and her team left. Unfortunately, it's convenient to work if I need oil change before I can make it to another Honda dealer."
qeSxL-POvGLZD6aQ5O9kvw,4JrKQ9JqjYLk15dKQF9Gkg,yE1raqkLX7OZsjmX3qKIKg,1.0,"--------DINNER REVIEW----------  I rarely write reviews, but this honestly was one of the worst group dining experiences I've ever had. It was objectively a horrible experience, even without comparing it to the hype it receives, and ruined what was supposed to be a nice birthday dinner celebration.   We had a group of 8 that had a reservation made well in advance. Short wait, but not too bad. Keep in mind, it seemed like a normal Friday night, but weren't super busy or at-capacity.  It was a birthday dinner, so I told the hostesses that it was her birthday, and asked if they could bring out something for her at the end of the meal, which was acknowledged. Pretty standard stuff, whether at a Applebee's or the French Laundry. We were sat at a booth right next to the Maitre D' stand, and next to all the wait staff's home base, so pretty much no excuse for not getting any attention.   After getting us waters, it took them a LONG time to even come by and acknowledge us. After ordering wine, it took them another good 15-20 minutes to even bring us our wine, and no one even checked in on us! (hint: if you're running a restaurant, wine is your profit center and doesn't take any work other than taking a bottle off a shelf and opening it. bring it out ASAP...).   After ordering food, it was more of the same...a long wait for food to start coming out and no one checking in on us AT ALL. We drank the bottles we ordered and had to get up and flag someone down to get another wine order. A couple of us even got up during the meal to remind them to bring out something for birthday girl at the end of the meal.   Once our meal was done and taken away, we were given dessert menus and the server disappeared for 10-15 minutes... AGAIN. After coming back, he asked what dessert we wanted, so we ordered some coffees... and waited... and waited. Eventually we got up and asked him what was going on and if they were going to bring anything out like we asked multiple times.   They finally brought out a couple of cookies with a candle...  In summary, the food was pretty hit or miss, pretty mediocre for this price point. Whipped feta, like other reviews have said, was amazing, and the Braised Lamb was really good. But the Sirloin was chewy and bland and the Grilled Caesar tasted like a soggy, luke-warm, wilted mess (two orders were left untouched by a group of 8). Atmosphere was nice and trendy. But the service, which is a huge reason to spend your hard-earned $ at a restaurant, was absolutely horrendous.   I really love going to cool, popular restaurants and having a great time, and I hate writing such a negative review, but I had to share my experience, especially for a restaurant that is getting an awful lot of (undeserved) hype."
6d9hz8LsjvkXjViPW4xaRA,t77iaBQb3pyj2rtwffiLEg,ZnAr0AxYpEYK1ZHNc4fk7g,2.0,"We stopped at Tako due to the positive reviews on yelp. We brought a bottle of white wine with us, the staff did not bring a ice or a chill bucket for us. It took 45 minutes for our appetizers to come out. The edamame was over cooked and mushy while the spring roll did not look appetizing almost like it was frozen. I could buy better spring rolls from trader joes. Next we moved on to our sushi which was sat on the sushi bar for 15 minutes before it was brought to us. The sushi it self was good, but not the best I have ever had, If I came here again I would not buy any appetizers. The service was slow"
OMUO1w4zd02SWAtdPOOmDw,V5N8EVTjBlCiUzD72Rov2Q,V378VWx4D8BstWNRFwDULg,1.0,Whole family got sick after eating here. The frozen yogurt was pretty but did not taste good. Would not go here again or recommend it.
_Dkml_CfMMb_wWeGpFtczg,TRFTDMJegE6DituEKBpEKQ,W6S482dRQ_9nCcLjfv8VNg,1.0,Food was great. But very disappointed with the hospitality. We  entered the restaurant at 9:15 pm but was denied dine in and was told that though the  restaurant closes at 10 pm they won't let us dine in and can give only to go. They saw that there were two pregnant women and a kid with us and I explained that our home is a hour drive from there and yet they denied for no reason. I had to drive back to home and make everyone eat. Very disappointed with such attitude towards customers. Never going back here. Let them try to forgive them self for denying dining for pregnant women.
82lJQteTxdxQVXfm-RU_tw,av5_rihz1f5DLEIt5NrtNA,9gObo5ltOMo6UgsaXaHPWA,2.0,"Walked into the restaurant, with reservations, and many open tables.  I asked the manager for a window table and was responded with ""they are all reserved.""  Two hours later, when we left, still many open tables next to the windows.  Overall food was good. I had the filet and she had the salmon. The bottle of wine that was recommended was $75 and was not told prior to ordering it, just that it was the last bottle."
amIMShQBXjITXiYG6gyiaA,Q1WRnsP8net9hJ-IkU9-4A,SuQgcpL-aZeuyRjBdA0pHw,1.0,"What a disappointment. This place was not good I would suggest you think twice before selecting this option. The manager and wait staff may possibly be the worst I have ever encountered, rude and definitely not focused on customer service.  The manager is a very angry hostile fella I asked if I could get brown rice instead of white and he blasted me...I offered to pay extra and he stormed off? Do not know what the deal was but this is just plain unprofessional and creepy behavior. The waitresses will smack into you while you are eating...man what a mess this place is from top to bottom. The food just OK at best! I am seriously complimenting them here... you can do better at home than here. Seriously I am not going to go into you have been warned just yuk...OK? these other folks with the positive reviews for this place must burn off their taste buds with adult beverages. (Didn't try the sake it may be the high point of the joint...but why would I want to expose my taste buds to a substandard meal to enjoy some rice wine? I can do this at home.  Here is something I am not sure of, I have only lived here a few months now, is it customary to charge for each soda every time you get a refill here? I was charged for each I asked why they said ""This is how we do it here."" So at $2 bucks per 6-8 ounces of beverage you may want to go with water at this place...but smarter yet! Go elsewhere. I will not be returning to this establishment.  Worst yet."
5GNDjFV7Vi7Uganf6OlAbg,7OUAzKZj6LUrQ3G7g7yUSw,S3Kl763P-wKnDLFy0iirqA,2.0,"Let's be honest, this place needs a face lift. It's starting to feel shady, I wouldn't even feel comfortable taking my small children here (if I had any, which I don't). The service is mediocre and everything looks tired. The comedy club doesn't feel cheerful or fun, it just feels like the back hallway of a banquet room.  Great parking and good location though. Please owners, please put some money into this place. It really needs it."
OiiUQHpUPSIw592zKebnTg,Wshkpj8aHWuzIeca1QxWTA,R-HCwu9UbasUudG1yTM1Ow,1.0,"I am positively LIVID.  I went to check my account balance and what do I see? An overdraft fee of $220. How could this happen? My card was never declined and there are two large fees deducted from my account.  I called TD and sat on hold for 45 MINUTES. I don't have that kind of time. Granted, the guy that was with me was nice and helpful, but never mentioned anything about the wait time until I brought it up. I asked about these fees and he said ""Just so you are aware, TD Bank's new policy is that when you have insufficient funds, your card will not be declined. It will be run through, and you will be charged an overdraft fee."" OH THANK YOU FOR TELLING ME NOW, JERK.  I have too many salty words that are unacceptable in the public domain, so I'll stop now.  Needless to say, I am switching banks.  Sort of UPDATE: I thought you Yelpers would like to know that last night, when I was depositing the cash that I didn't have into my account via ATM, I flipped off the cameras. TAKE THAT, TD."
pgESDcC7eDx4z_epqon4_Q,KhAqHRXgVhSClw_Y2ayEqg,plobBsTtVUODb353xxFT_g,1.0,"Came for all-you-can-eat, and ended up waiting for over half an hour to get our order in. The servers completely ignored us, while taking orders from the tables around us. And on top of that, all of the rolls contain ""extras"" not listed on the menu. One roll surprised us by having sweet mustard sauce on it, which did NOT taste very good.... On the bright side, once we actually got our orders in they didn't take all that long to make them."
2gVhwj83q3wKF2-Jvcv6cw,Lj4gnAE2MgjJEQf0b5QSNw,u-eaBrfpqjXTS2TD_cTioA,1.0,"Completely unprofessional and pathetic. I called last week to get price quotes on a battery and brakes. I spoke to someone very nice- he gave me two quotes, fairly low but close to other shops. I call today to schedule a time to come in and the prick who answers the phone, his name is either Mike or Nick (and quite frankly I don't care what he's called), tells me there is no battery even close to that price. He ""blames"" the quote on me, saying ""I don't know how you came up with that price?"" Then I told him I'd like to speak to someone else and he says ""no, we won't do a battery for that price, so bye-bye"" and he HUNG up the phone. NEVER NEVER call these people. I can go to Walmart before I deal with these assholes."
IgfUV2Ggcl36kS7mv8wsaw,v-B443ErZ1P12acLQMgHEA,MkJ5kdhX3Jl48ykeMEVVIw,1.0,"I would NOT recommend this place to anyone. Their biggest mistake is not having a customer service department. They rely on their sales team to provide customer service meaning every time you call in to try and get something done, you get put into a voicemail because the sales guy is out selling - which should be their only job. This left me on numerous occassions incredibly frustrated that I could not get an answer. I even left the manager a voicemail (big surprise I couldn't get them to answer) and they never had the decency to call me back - Just made my sales person call me back.  I purchased my car last July and was promised numerous things would be done to the car before I purchased it. One of which being the tint on the rear window would be removed as the view out of the back was blurry. Somehow, that passed thru inspection and when I came to sign the papers, I noticed that it was still on the back windshield. I was told that they would have it removed by the time we were done the paperwork. Also, I was told that the price was going to be higher than the original agreement because the sales manager did the math wrong the previous day when we ran numbers. I told him that wasn't my fault and I would only pay the agreed upon amount and he spoke with the manager and got it sorted out.   After sitting in the office for 2.5 hours, they finally told me that they were unable to even start taking off the tint and I would have to bring the car back. I dropped it off that Friday and let them keep it for the weekend. My sales guy called me on Saturday night to tell me that they never got to finish it and I would have to bring it back again and leave it. I live 45 minutes from the dealership so this isn't something I can easily do. I insisted on them giving me a loaner car for whatever day they would do this as I was sure this wouldn't be a one day process from my previous experience. 2.5 weeks later they were able to provide me with said car and I dropped off my vehicle. When I went to pick up my ""finished car"" there was still tint left on the bottom of the windshield.   After all of that I knew I would never bring my car back for service there if that's the kind of service they provide. Now with all the rain we've been having, my trunk is leaking and when I called to check with the service department to see if it would be covered under warranty, I got the same run around with the service department who just said ""I don't know"" - OK well give me someone who will be able to tell me. Once they forwarded me to the correct person, I again got ""I don't know"". We need you to bring it in and look at it then submit to our warranty company to see if it gets accepted. No thanks after my previous experience of bringing my car in there to get ""serviced"".   Invest in a customer service department to handle complaints in a professional and timely matter. This should not in any way be left upon the sales department to do. My sales guy did the best he could and I appreciated the help he gave me, but no one else would help me throughout the entire process. Not a good look on managements part."
J96EFyLE15P-VH5kCyxGWA,ifbY7DlrQep2hxR8WBGQbw,gwNlSSV0hGgNgTqPprj4FQ,2.0,"After going there several times going to Fresh I am sad to report my last visit was not up to par.  I went with a group of people and the service / product was not how it used to be and the price was outrageous to say the least.  I entered and was not greet by the staff  and I do understand that the group I was meeting with was taking up most the inside of Fresh, but a little acknowledgement would have went a long way.  Also, I ordered the Vienna Latte with an extra shot.  It not only was one of the worst espresso based drinks I have ever had, but it was EXPENSIVE $7+ for a coffee?!?!  After realizing the price for the drink I was put off by ordering any products.  I really love Fresh and obviously from prior posts I do praise their products, but this time it was one of the worst experiences I have had."
hgah1g29AmdWrp3QPhEbPA,Q9t5Z5_ZGn-5KUNjElNZWw,Ym8E4Lgi3IfH53YuG5WxIg,1.0,"I'm not sure what changed over the last year at this restaurant, but now it's just terrible food. Before, when I first started coming, it was decent: nothing fancy, but filling and palatable. Now, though, the food is disgusting. 90% of their buffet offerings are WAY too salty. The pulled turkey was tough, the fish tasted like licking a bottle of meat tenderizer, and the vegetables cooked to a putty-like state. The only thing vaguely edible was the corn pudding and mashed potatoes. The desserts are ok, almost store-bought quality.   The service at least was good. Our waitress refilled our drinks promptly and removed plates often. The only good I saw all night."
GXlrpVd8rnL8gMgxczbd1g,q-EBNzv_YO5CE0Q_Ln7D5Q,vOgQnvKbE4nMopFTjoL8Gg,2.0,"Pretty bummed I didn't try out the Catbird Seat, because this place was totes underwhelming. When you enter, there is a large, awkward entrance and you have to go upstairs to be seated. It was probably only half full, but since it was strange weather, we decided to sit indoors. I'll just say again, walking up towards the hostess as she watches you approach just feels....weird.   Our server was nice, and we joked with him about the silly flower in a very knock-over-able vase. We got two drinks--julep and one of their other ones with gin, both of which were utterly average to bad.   The crowd was sort of stuffy. The bread was blah. The food was pretty forgettable. The tenderloin was good because it was a good cut of meat. The Amish chicken was pretty average, with a not so flavorful and slightly MSG-y twang jus. Their signature grits was underwhelming as well.   All in all, stuffy and so overpriced. Bummed out!"
xz7n9r3Y1856-T3Xrbhs3w,yLt1pqbQsRXMguOIId_aGA,SVV1VmybJGXGge6nFuHy_A,1.0,"It is unfortunate that with such a unique location and such a brand and product offering this specific store offers such lousy service. The wait is endless, no one is available to help and at Christmas time getting a gift wrap is act of God that requires endless wait. I bought gifts and knew that the wait for wrapping would be long SO I even left my items at the store to be gift wrapped at their leisure. They were not even moved from the counter where I bought them when I returned almost two hours later ready for pick up. This was a gift that needed to be given and The staff COMPLETELY ""dropped the ball"" on my time constraints!   I love their stuff, but today was my last shopping experience at this location: couldn't get a gift wrapped after being assured that it could be done in a timely fashion???  I'll  cancel my card, do everything online and try not to go there if I can. It's really a shame!"
yFV9UnuTR3wqCVRwkeYGxA,tgZ0r69ap3_-sNBgLPZsPw,C_EtrXTygRX5RTUOKtO6Dg,1.0,"It's a good thing I've had a few weeks to cool off from my experience at Copabanana before writing this review or it might not have been pretty. Anyhow, I came during university city restaurant week and will never return. We sat outside and there were kids playing football right near the tables and being loud. We moved to the other side of the restaurant (still outside) and the kids made there way over to us and continued playing. We couldnt get away. We went to a table inside. Food was terrible. Steak was fatty and overcooked and mashed potatoes werent fresh. The waitress was about the only thing good about this place. She agreed on the steak and took it back. Came back with chicken as I asked for and it was like biting into rubber bands. All in all it was a disaster and I'll never return. 1 star for the waitress."
MtZJKwddFSyBB0QHXQRtZQ,_cdp1FAjIT2paX8s8H3GUw,ZdHf2EkMQPV2OBNgGhMAKQ,2.0,Paid for non-smoking room but there was a smell and ashtrays in the room. Since all we were doing was sleeping there we didn't say anything. Shower was crazy slow to drain. Pillows were so lumpy that I woke up with a migraine. Room was clean and staff was nice. Free wifi but wouldn't connect.
zyWcynpTTkXaM3bfyALlBg,fPmWOEvI5SipdVav3fcIqA,NT5S6JV5wPwKOd3s3Yh1zQ,2.0,"Ew. I don't know what upsets me more, the borderline gross food or how much I had to pay for it. We waited forever to get into this place which served me a relatively tasteless burger on an incredibly soggy McDonald's quality bun and the saltiest fries I have ever eaten. Yes, truffle oil is delicious, but pouring it over burned, greasy fries does not a delicious, 16 dollar meal make. We won't be back."
p8y5nanIxGGzAAqiCuxBdA,CysTz612pTix75Fye6-D4Q,EqEcDeXqIq1YwnzHg_ZUFw,1.0,"Similar experience at this place ..gelato is great...service sucks.a friend from out of town came to visit and we decided it would be cool to go here since they never had gelato..boy what a mistake..day staff cool..night staff not so much..they acted like we were an annoyance then a customer then whispering and laughing ..made my friend feels uncomfortable..so the young manager pops out from the back and I'm thinking cool though s guy will make them act more respectable,again wrong..he actually joined in.this place had great service not even a year ago..don't know what happened"
jF3ZlgxpM88UjKymEfSJmQ,CtRP-ARklDGTJ8aVji47Ug,ompDR5sUDpoI6gnTldmneQ,2.0,"This was my very 1st time in New Orleans. It's been an amazing experience and so far, every single place I've eaten at has been AMAZING. So... I took a chance with The Praline Connection and walked in. Why? The ambiance and the restaurant, overall, looked nice.  However... I would NEVER return to this place again, nor would I Ever RECOMMEND it to Anyone.   APPETIZERS: I ordered the BBQ Oysters and..wow.. fucking wow...1st of all the oysters not in their shells. Instead they placed in a soup cup filled with  ""BBQ sauce"" that tasted like cheap Ketchup and Chef Boyarde! Disgusting! The oysters themselves were gooey.  The garlic bread was God awful! It tasted like stale frozen garlic bread. To make matters worse, when I received these appetizers, they were cold.. It tasted and looked like they had been microwaved and left out.    I also ordered the Chicken wings. They were under cooked, cold and the sauce was nasty.    The other members of our party ordered entrees. They all said, ""This Sucks!""  PROS: The service was great. The servers were all very polite and attentive.  Restaurant was clean, nice tables, nice ambiance."
12WmsX0EwwDlQyGXAgtkww,xUhG4eI0M1KRvucUn0t19w,QSA-x2bb3kum9QLFpy7vUg,2.0,"This is the McDonalds closest to my home, but I will forever drive any distance to find another bc it's a terrible restaurant. Even though it's not politically correct to say ""I love McDonalds"", every now and again and during lent we go to McDonalds and this one is really bad. Bad food, always cold or wrong items.  Bad service, and no offense to anyone but I cannot even communicate with most employees bc they don't speak any ENGLISH!!  I do not know much Spanish either but when I'm trying to spend my money in Fishers Indiana at a business I at least expect to be able to communicate in some way!  Their service is the slowest from any McDonalds in this area!  My advice: pass on this location unless you have allot of time and can speak Spanish !!!!"
yqQmwEhvkAySMyGrRsRjQw,XTWdXSOoUJnIMiVSA-1gDg,_RwlMTw9uFeOkfX9Ctf1HA,1.0,"Ick.  That sums up my experience at Dinardo's in one ""word.""  Dinardo's gave me that ""Ick"" vibe the minute I set my foot in the door. THough we were greeted by a very friendly hostess, the place looked like a run down diner on the interior--and it wasn't very clean or charming.  This would have been fine because a lot of times the ""run down"" places have the best ""authentic food,"" but this was not the case at Dinardo's.  At Dinardo's you do not get what you pay for as the prices are rather high and the food quality is rather low.    Our server hated his life and made snarky, mean comments throughout our time there which, though entertaining, was kind of unwelcome and unpleasant.  My friend had the mussels which were puny and in an unimpressive sauce--unimpressive being the general adjective I would use to describe any given dish my party ordered.  I had a soup which was extremely salty and bland beyond that and the broiled flounder and ""seafood imperial"" dishes were OK at best.   I'd say if you're looking for good seafood you'd be better off at any BYOB; little fish, audrey claire, ANYWHERE but Dinardo's.  I don't understand how this place is still in business, to be honest."
1z8mbdO4WAA1xplhixA5VQ,kMGGxl5wIq36Etd3XBkkCw,SlGNxQI23jc9iTZNTs_I3g,1.0,"Every time we go to this place, we go because of the enticing beer selections, but time after time we leave disappointed by a complacent bar staff that makes you feel like an inconvenience. It's such a shame. The beer selection is second to none, but this time we had one drink and decided to spend our money elsewhere for dinner. This place has been consistent for sure, every time we go, we get a miserable bartender who seems like they'd rather be working on a slow night when they don't have to talk to people. All of the enticing beer in the world won't bring us back.   The owners brother has a great place a few miles away, Brickside Grill, we went there instead...good beer, excellent food and the staff is consistently friendly and engaging!"
w5aB9esyhoCh0cNnltqv_w,0yBBVHdbfBC14E3c3FdeJg,arpAjDjebOzjwwysIGIwAg,1.0,"I have been going to this nail salon for years off and on. I came here back when it was called Tropical Nails and Tom was the owner. Now its Grant Nails and has a different owner. When I started getting my nails done again I lucked out and found an experienced technician named Amy. I stuck with her because she did good nails. Then about 2 months ago Amy left. So I let the owner Angela do my nails. The first time was ok. Then the second time she did them the gel polish (which she talked me into getting instead of regular polish) started to chip within a day. I called and complained, she redid the polish and again within one or two days it was chipping. Now my nails look at mess. I don't trust her to correct the problem. Unfortunately, I'm going to have to find a new nail place. Very upsetting and disappointing."
Bz1DS2J28EzTLJHsaTyM7g,EROW4chFZQF1E-eZVpYAAA,diwwt5QBU3-Thig9SVlsOA,2.0,"The only good part....   Their stage is really cool! Raised up, lights that move around, good sound system, a fog machine, and a pretty big dance floor.    But their food service.... crappy both times Ive been there.   The last time I was there I walked in, hadn't been greeted by anyone at the empty front podium, and just found a table. I figured once I sat down Id wait for an employee to get back to the menus and go up and ask for one. So I saw a lady working up at the front and went up and asked her.  She said that they stopped serving food at...... I cant remember if it was 9 or 10 pm.... but she gave me a certain time that the kitchen closed. I went back to my table and looked at the time. It was 10 minutes before the time she told me the kitchen closed. I thought that was kinda dumb, but oh well.... maybe they stopped taking orders 10 minutes ahead or something. The next thing I see the SAME EXACT LADY seat four people RIGHT NEXT to our table and give them menus. Then she takes their order, and brings out their food. All I wanted were some freakin french fries and I had to sit there and watch the people who got there long after me eating french fries instead. RUDE!"
O9--fIsyIjBhSB8OIwW_QQ,KMwv6qK14VZvC-We6l9LCg,wxNrsZt7towVK4LgjjEo1g,2.0,not impressed!..... the service was great but the pizza i ordered was not good. i love Stella and Trenos pizza so i wast expecting the same type. no desire to return again
-nQRvxUGWYUBqTZdcyvprQ,kCZCIJwvyDqt08mJSF0K7g,I2Yt74AzSQFfyQqgN7PSEg,2.0,"Stayed for one week post Christmas. Unless you take adjoining rooms as a family, strangers conversations/coughs/clearing throats/fights/dogs barking etc feel as if they are in your bed with you. Only slept two out of seven nights after hotel cleared out after New Years. Connecting doors are very poorly insulated. Staff at hotel is superior...really excellent but Starwood needs to do something about insulating those doors. Have stayed many places with connecting doors and never experienced anything as bad. Poor materials used????"
oto8Mqazg6SV63g2hJx7LQ,zDWhnidBcEok7Vqnu-AnMg,oBhJuukGRqPVvYBfTkhuZA,2.0,"was here twice -- first for a nightcap at the bar -- the drinks really were some good stuff and i tried a the lemon hummus and pita -- that was the best hummus ive ever had!  the next morning we came in for brunch, which was pretty much terrible. first of all, it took us 45 minutes to get our food for brunch....and it came out cold and we found a hair. the manager did comp our check though. overall, the bar is great, but i would skip breakfast. what a disappointment for a kimpton restaurant."
8KsAOhkgxmRVL_xqcOh0oQ,5LBa1w6O84T4wk4JU1l5Hw,VeqkfRUzZAKlQer3npXPdQ,1.0,"So my favourite Indian in St Louis is still Spice and Grill on Olive, Husband said lets have a change so we tried out Indias Kitchen this evening and ordered a portion of the goat curry.  Sorry to say this curry was not great, the sauce was very heavy on the salt and tomato and the goat was tough as an old boot, the naan bread was below mediocre. Only nice thing was the rice.  Very Very dissapointed"
XHFOnP_cEiqRRc8_i1rJtQ,gqgX3uu-9-3MJzLdOH8ZtA,cB_9eHHfo9me96cZup-lZQ,1.0,"I have never stayed at a hotel so ghetto. Sure the atmosphere is great and very classy looking. However the staff is the opposite. First of all, my friend booked us a suite for the bachelorette party she was planning. They gave us two separate rooms and my friend had to beg for them to be at least next door to each other since they ran out of suites. Then to make up for it, they threw in free valet. The next day her car had been keyed on her door when the valet brought it from the parking garage. Seriously? Worst experience and I certainly won't ever be back."
0-8YJMqAill6hdhjlQfkbA,5W6Vqa03AyAurgiaDwTVfA,2l8WHcEiwFW0wEvopwa8_A,2.0,"A quasi political rant and a store review all wrapped in one, so enjoy.   Ever since Target hit the scene I really have to ask, ""Who even goes to Kmart anymore?"" I asked this to myself out loud the other day as I had to get my meds filled due to a sinus infection. No one looked at me odd, as there seemed to be several people talking to themselves. I now go here because of the stolid contractual war between Express Scripts and Walgreens. Thanks you two....idiots.....qausi-political rant over.  This store is harshly bright, rather dingy, and the selections, especially in the electronic section, are on the cheaper end.  On top of that, I've found the mainstream DVD and Blu-Ray movies are overpriced.  I laughed at the men's area, especially the young man's department, as they had a tv with music videos playing. I laughed because it just seemed a lame attempt to be cool and creating a shopping experience that you will find at a department store like Macy's or Dillard's. This is hard to create when everything is whitewashed. You will feel like you are in that August Burns Red's ""Whitewashed.""  The best WTF moment is discovering the opportunity to purchase Joe Boxer male thongs. Who knew that Kmart cared about male panty line?  One great tip is you can find patio furniture cheap during the off season and clearance days. I bought a great patio table for under $50. So, keep that in mind.  The extra star is for the pharmacy, as they filled my prescription out efficiently and with the greatest of ease. The hours are little later than Target.  No problems there and credit when credit is due!  The later 80s quote, ""K-Mart sucks"", remains as true as ever and who knows, you may even bump into someone who still dresses from that Tom Cruise era who cares about male panty line. One never knows?"
0gFENhAB6mfMwL1V0Z2fWw,6O_FYCuqBqsTcWGGTvvjSQ,WQ832PDnsDshhbQFm83ISg,1.0,"Went to see Star Wars Rogue One yesterday in 3D.  Buying the tickets was a breeze, and the atmosphere was inviting.  Found the comfortable seats with no problem and ordered right away before the movie began.  I ordered pretzel sticks - food was hot, prompt & delicious.  I was excited for the movie to begin.  Once the advertisements were done and the movie started, that's when I noticed something wasn't right.  The entire screen was so dark that I was not able to make out the faces of the actors on the screen.  I kept lifting up the 3D glasses to see if it made a difference - nope.  The two people seated next to me were noticing the same and complaining.  I thought that maybe this is how the movie was filmed?  Then it got worse.  Even with the 3D glasses on, the shadows in the background on the screen were double and there was no discerning most actors' faces at all.  I got up and went to the lobby and asked for the manager.  The gentleman wore a blue shirt, middle age with a beard, said that this was the 3D experience, it was a ""closed-system"" and there was nothing he could do.  I simply asked him to come with me into the theater to see with his own eyes how dark it was.  He would not and did not.  I suspect this wasn't the first time he's heard this from a customer.  I've seen normal movies at this location before, but this was my first, and last experience with their 3D in room #1."
Kj7HMhdzGih7D7FCL13OOw,2uEiUCdT57UeaVkL8mjIqg,HcEOK1WiOpHvhZtp7PkRmg,1.0,"Overpriced for average food served warm (not hot) by servers who had trouble saying the names of the dishes and seemed in a rush to give us our bill when the place was more than half empty (on a Saturday night). When one of the servers came over to check on the $23 pork chop (which was not listed in the menu - $18 price was), my spouse commented there was a lot of fat....she seemed baffled by his comment, then walked away! The ""ropa vieja"" dish was good, but overpriced for being served in moderate portion. The menu prices did not reflect the ambiance (random plastic container boxes placed on a nearby table nor the sagging knitted item hanging over our table - it looks like there should've been a lamp in it)."
au9AZ-eeVBJ_3KcB05jCrg,c-1P_Hx6J-Dr8UzpRMwO3Q,WecgAHgzAPLOmM-6-Iga2A,2.0,"I'm rating this based on the service and not the food. I am a sales administrator at a hotel. Typically, many places offer a hospitality discount because we do refer guests different places. Front desk told me I should try this place as they give a decent discount. I called to place my order and wasn't really able to say what I liked b/c the girl who answered would cut me off to finish my statement.(she wasn't in the best mood) We get to the end of the order and she asks me am I a guest or an employee. I told her an employee. She asked my title. I told her. She gives me a total and I asked her about the discount. She says it's only for front desk. I'm shocked that this is a departmental thing 1 and 2 I'm thinking to myself, ""I'm in sales. I get groups of people here. They ALWAYS asked for recommendations."" I said well should I hang up and have front desk place my order? She huffed and puffed and then said ""well i'll give it to you this time but please dont abuse it."" I was so shocked at how rude she was. So when I finally got my food, I tipped the driver and gave him their menus back and said we will no longer be doing business with you guys. She didnt know SALES is in charge of who the front desk can recommend. Her name was Neisha.The food was good though."
MJjWo6VjPZbpwDrAy1Uf0w,uxSJNuWrpb1mNePNnHF_wA,NV6zZPb5OGVpyX4JrSzUPg,2.0,"We won't be back. We got the Brussel sprouts and they tasted like pure salt. Our server sent them back and we got another batch and they tasted exactly the same. My husband got the burger and it was okay but the fries that came with it tasted like pure salt also. Maybe the cook working this night was just a little heavy handed on the salt, I don't know. I got the flank steak and it was okay. I wouldn't rave about it or ever get it again. Our cocktails were good and the atmosphere was nice, but we were really disappointed with the food :("
48Mv4oT4Q8MdbFV0CXi3cQ,x7H8hr5q6XWUEw1zDWDKKg,SlGNxQI23jc9iTZNTs_I3g,2.0,"Tried this place out after many suggestions from friends.  We went in one night about an hour or so before closing just to find that they were only serving a partial menu - we're not talking that late, it was like, 9:30 on a weekend.  There was no mention of going down to a bar menu on the website so I was a bit annoyed by that.  Something about 'surprise disappointments that could be totally avoided' really bother me.  So, the dish I had picked out online wasn't available and I ordered a burger instead.  The server seemed to have a very hard time understanding my burger and suggested that modifications couldn't be made?  I told him I'm sure removing a single topping wouldn't cause the kitchen staff any issues...  The rest of the meal we were generally ignored and the service wasn't great.  I found the food to be overpriced for the quality.  Unless there is a special reason to attend, I don't think we'll be going back."
TunQqLbhPJDpncASCgkxmA,22MQF_kXWsFHvY76DaUKSQ,jtsckI_01hlbGLpEFwJu0A,2.0,"I first found out about this adorable little salon here on yelp while looking for a place to get a manicure downtown/ CBD.  I visited on 3/8/13 and got their ""Mini Manicure""- it's only $15!  I chose an OPI polish and the nail technician did a GREAT job!  So great in fact, that today on Monday, 3/18/13- I did not have ONE CHIP!  This is amazing for polish!  My nails looked fabulous!  The technician was friendly, as were the other stylists.  I'm not sure if it was the manager or the owner that was working the front desk- but she came over as well and was super friendly and welcoming.  The salon looks amazing, trendy, and peaceful.  It has a great vibe.  I was so happy with my first appointment- that I went back today, and left disappointed.  I went to the same nail techinician- and we talked as she worked on my nails.  The person working the front desk (seemed like an owner/ manager- although different from my first visit) was SO  nice, welcoming, and talkative.  This time though I needed a gel manicure, in french- as I am in a wedding this weekend.  I explained that I was in the wedding, assuming the technician would know that this more special than just an everyday manicure  The technician stated after she started my nails, that she did not have the proper brush that she needed in order to do the manicure.  So like most places- they paint the white, and then go back later with a brush to create the crisp, perfect line.  Since she did not have the brush to do that- she used a q- tip.  So obviously the lines are not perfect or even.  Along with the lines being uneven- some are thicker than others, and the edges go up, instead of down.  My nails are not at all filed and shaped pretty either.  For $40 (+ a tip)- I really expect them to look right.  I went during my lunch hour, and it was supposed to be 30 minute appointment, but the appointment took a little bit over an hour.  I understand that french takes a little extra time- but this seemed like quite a bit extra.  I was late for work, and had to hurry out of there when she was finished and did not want to be even more late to work to stay there to make a complaint.  I wish I would have- but I also felt bad because the technician was trying so hard- but they are just not up to par.  I'm conflicted, but I don't know that I'll return.  I loved it to so much the first time, I even sent friends over there.  But after this time- I am not happy with the product.  I wish it wasn't gel- because I can't even take the polish off myself.  So I'm forced to have nails that I am unhappy with, or go to somewhere else and pay to have this taken off, and then pay to have them re done- all before a 6am flight on Wednesday morning, and it's Monday afternoon...."
vO3U8-c5_vxRQ1hIrNeeOw,xd8dyISjf_tKU2oPxTIARg,k6XrnjX2TBM_nDzD_XA9NQ,2.0,"First off, it is a bar through and through. The alcohol selection is good and the drinks well mixed. It is also a casino bar, so you'll be paying higher than average prices. There is a small food menu, but the selection isn't that great. To add insult to injury the food made me ill. The reviews about service aren't exaggerations. We, too, practically had to tackle our server to order food and drinks many of times. Not my preferred place to go when there are so many better options in Reno."
2wKZZmCeM8mSbMGzdTfXrw,qCGEcUohmw5-1RV2WK2a5A,6xrDP4-S2mky3wOprv686A,1.0,"Quite possibly the perfect business model to fail if it wasn't for a sequestered clientel?  We visit New Orleans often, and it is an activity of ours to bet on how many beers or ingredients they are out of.  Bartenders rude and swearing. It's almost comical, we sit and listen to patrons asking for draft beers and mixed drinks and getting responses ""can't do that"".  They said ""No mules"", to at least 5 people as we sat for about 30 mins today.  2 out of 4 taps not working. What an absolute waste of opportunity."
VJxazz5W7xzOw-MylSeQCA,oQUyojSOb6rdMnusw0M5lg,-ATiAtTikuGuqvaW2O6tNA,1.0,"Really disappointed. I've been to the Marathon at 18/Spruce and had excellent service, drinks and food. Thought that would transfer to this location - not at all.  To sum it up, our server was extremely energetic, but not in a good way. More like a frantic energy. I was there to enjoy a few drinks and dinner with a friend who was visiting (AKA looking to spend money AKA you will get a larger tip if you let us stay longer) and we were rushed out. Server brought boxes for food we were still eating, without asking if we wanted them. A few minutes later he physically put the food in the boxes at the tableside while mumbling something like ""I don't like food sitting on the table."" .....we didn't even want to take it home. Next, when we said we were having another friend join for another round or two of drinks he told us we couldn't stay at the booth we were at and we needed to go to the bar. What? I point blank asked him if he was kicking us out of the booth and he said ""yes!"" energetically. There was no one waiting for tables and there were numerous open tables/booths around the restaurant. I felt extremely uncomfortable and wanted to leave immediately. Our friend joined after all this happened, and when the server came over to ask if they wanted a drink, he seemed surprised when we told him we were just going to leave. YOU LITERALLY just told us we couldn't sit at this table any longer!! We then left.  I worked in restaurants for a long time and I'm pretty easy to please when it comes to restaurant service. I was not pleased at all during this visit.  On another note, the food was not that great."
xhhmoxmvIJp16ozmxBuZZg,iiRTJ3x2Z4S3d5ZZ24vmdA,yE1raqkLX7OZsjmX3qKIKg,2.0,"We arrived for lunch at 12p on a Friday - wasn't busy at all. It took FOREVER to get anything. We were really pleasant and kind but we had to complain several times to get any beverages that we ordered. It took them 40 minutes to let us know that a beer we ordered was no longer available. The food was great, but not worth the lengthy wait and slow service."
Peh0HfcHatme02FWQTa8Zw,jVSDkxfr66ar4_HRArsT9Q,YgMZm_alGFUeQO4hz9X9VA,1.0,First time I went to Earl's new American kitchen I liked the food it was good wasn't great but it was a ok   service not so great sat at the bar did not really care for a bartender tried it again second time bartender was really rude I would never go back there  or Recommend it to anyone
81QT9uJgY_dQuD1sLF6psA,cbwA1FlBQbaF0P1UISFVOw,BIW1SKq5ItkA9gP6-FhSkA,1.0,"this place was awful. the first time my mother and I went we were very excited because everyone had been talking about it and we want to support local business. The day we went it happened to be pouring raining. So we are standing there at the hostess stand cold and wet waiting to be seated. Not only was the hostess not there, no one even acknowledged that we were there. The bartender who was right next to he stand was on his blue tooth and only looked our way to flirt with me. My mom was so annoyed we just left.   The second time we went was because we were going to be in the area and we decided to give it a second try. We were seated right away and the music was really good. The waiter could have cared less about our table. he acted like we were doing him a favor by even coming to the table. The menu was thin and nothing to really choose from. when he eventually brought the food it was decent. My mom hated her salmon cakes because they were overly breaded and poorly season. it honestly looked like two pieces of bread.   It was overpriced for what we had. I WOULD NEVER RECOMMEND THIS PLACE. The take out makes great dog food though."
kLgcYk9TxIjLe6y6eChetg,g7B4nU8SiXjir8NjCYY2Rg,SeAF6UA88vWbKFkZ7iQRhA,1.0,"Unfortunately, I'm NOT happy after coming to this salon yet again. I got a message from the owner saying he'd like to have me come in to receive a FREE service because they previously ruined my hair. So, I thought since he's the owner my hair would turn out good but I was wrong. I'm really unhappy with this whole experience. I showed him multiple photos on google of what I wanted done to my hair which was a lot of blonde. I told him I do not want any ORANGE in my hair as I wanted a ""white blonde"". He said you won't have any orange in your hair. I have a message from him the OWNER saying I would receive a FREE service if I deleted my previous review. He should of NEVER offered a free service if it wasn't really free! So, I said how much because I thought I was getting my hair done for free. He said since your hair is long and thick you'll have to pay for the hair color and ""medicine"" but he won't charge me for his time. I said ok how much he said $80. He said it would cost me $180 if he didn't give me a discount which is very pricey. He put a lot of highlights on my hair and worked quickly as he seemed to want to rush on my hair which I do not like. My hair is important to me, I don't want my hair to fall out. He said this medicine he's gonna put on my hair is $50 for a treatment and that I needed it because of the blonde going on my hair which I know any coloring is damaging and blonde is very damaging but he said he charges everyone who gets hair color for this so called medicine which they mix into the color you dye your hair. You can purchase the entire set online (3 bottles) for $75 which is supposed to give you like 15 applications so he's definitely charging a lot of money! He only put No.1 on my hair and not No.2 or No.3. He also had a lady (the receptionist) wash out my hair? Ok, even though she was nice why would he have her do that when she said she knows nothing about hair because I asked if she's styling my hair and she said she doesn't do hair and I wouldn't want her to do my hair. As I was waiting there was a lady next to me, she got her hair cut and a perm. She was done but she wasn't happy, she told the lady she didn't like the hair cut and she had her style it more and trim off a little more but the lady still wasn't happy. The girl told the client when she washes her hair it will be better.. um how? I know she left very unhappy! Also the lady behind me was getting her hair cut and when he (the owner) was done cutting her hair she looked in the mirror and wanted it different and styled different so that made me have to wait longer but 2 clients were not happy and also myself. That's not a good look TJ nail and spa! I had a towel on my head and waited about 30 mins just to get my hair blow dried because he was cutting another clients hair. I seen orange roots, I was mad!!! He finally came over and I said I don't like the orange color on my roots, can you put a toner on my hair and he said it's not orange it's the lighting. The lighting?! It wasn't the lighting! He proceeds to blow dry hair and then starts straighten it without asking me if I wanted it straightened or curled, you are supposed to pick how you want your hair styled. At that point I knew my hair wasn't what I wanted and it wasn't gonna be fixed even if I wanted it too. I just sat there in the hair, mad and yet again very disappointed! I looked in the mirror and seen my hair damaged and brittle, orange and brassy and not even close to what I wanted. There goes my money down the drain, yet again. I will not be back to get my hair ruined and he made me delete my previous review which was also 0-1 stars before I left his salon but I had to write this one, this is real, this is honest, beware of getting your hair completely ruined and nothing close to what you want! Like I said I showed the OWNER multiple photos and I stated I did NOT want any orange on my hair but I did have orange on my hair, I didn't get what I wanted like he said, he said he doesn't mess up, he's been doing hair for years. As a salon owner I think he should take the time to really do what the client wants and achieve what the client wants done to their hair, if the workersowner would do that then there shouldn't be any bad reviews but there is so that shows you they do not care, not even the owner cares. They just want to rush and get done to get paid, they don't care if the customer is happy or not. There are more bad reviews from people going to this salon and having horrible experiences but he is bribing people to delete their bad reviews because he told me the bad reviews is hurting his business which is why people do reviews, to let people know this place is awesome or this place is horrible, beware, stay away. I do reviews to let people know the good, the bad and the ugly. I do reviews anywhere and I'm always 100% honest. So, if bad reviews hurt his business that is all on him and his employees not me or anyone else."
dhAiK5f4zNBdG7cBTXJ0gg,KGXEzZqlm9TrO1bLpkgShw,zwfN21b6gN2XGjNG6MYNzQ,1.0,"First time at Wolfgang. Crowded, dirty floors, poor service, it has it all. Only redeeming factor was the excellent crisp Chardonnay."
hhNzXq6QnYQUYaBvFL8ggQ,7ktyPHE-NGnWxarOqjIQiQ,CinrOH8rMB2hEvPY_iFOHA,1.0,"I really wanted to like Casselli's, but it wasn't in the cards. Maybe I just caught them on a bad night, but I didn't really enjoy much about my visit. The waiter was very unpleasant - was banging down the plates and glasses on the table when he delivered them. Maybe he was having a bad day, but I still would have expected better.   We had mixed experiences with the food. Mine and our friends' was OK, but my wife's baked ravioli would have been more use to a hockey team for use as pucks. They were really overdone - woefully overdone.   The worst part was that our table was next to the opera singer guy. He was singing extremely loudly and it was nigh impossible to maintain a conversation - especially coupled with how close we were to the table next to us and their attempts to speak over Opera Guy.  Part of me wants to give them another chance (since I hate writing bad reviews) and the other part is annoyed over the waiter's attitude. I probably will not go back. There are so many good Italian restaurants worth visiting that the opportunity cost of returning to Casselli's seems too high.  On the upside, they have somewhat convenient parking in the lot behind the restaurant (near the Shawmont School).  Note: cash-only."
NCz3xcKkrU6-da8YJXGq9g,SkEIG415vLKFIjbTEVtUSA,kqAa2CtPGA-QsZhhbzpzUQ,1.0,"Define the worst Mediterranean food I have ever had.  The hummus appeared to have a good texture, that is the little bit I could see under the ocean of olive oil.  The pita bread was burned- not just over toasted, but black on the majority of the wedges.  I went home and was sick the rest of the evening from the amount of oil it had in it.   The manager was probably the worst of the experience. He told my gf he would ""upgrade her hummus for no charge, because normally it's $1.00"" but said it as if he was doing us this huge favor.  He then continued to yell at us from across the restaurant after we sat down  (instead of coming up to our table and actually having a conversation) and says, ""please let me know how your food is because that's the only way I can know if we are doing a good job or not is when customers tell me.""  But we agreed that the vibe he gave off would not be that of open mindedness and gratitude if we were to say anything about his plate of olive oil, er I mean hummus.  There is also a sign that advertises the ""cleanest bathroom in town"".... Ehhhh ok, good to know for our next road trip."
9eeoAUQEJDw0KYV5NPYH-A,-qoyKSF2G3PkR_7XNoJfpQ,0ZETsmrLSGWaBu1NNdcmYw,2.0,Good luck finding anyone to help you.  Poor poor customer service.
b7-Wi55KPnDFiDbQ3nUgFQ,q5g3dj7DJAPks8p4vZUsHA,3SHw4aZW_muE1kRSLQQjjA,1.0,"If you like to wait while several tables are open,  terrible service, a dirty restaurant, and very mediocre food that is overpriced for breakfast then you'll love this place! This was one of the worst breakfasts I've ever had. With First Watch around the corner and Pinky's up the street don't waste your time here. I know what you're thinking...but Todd First Watch and Pinky's are way more expensive....Bullsh#t. don't waste your time on this old broken down dump."
h0N47vwJhQMBH9mscX9zhw,11jQWQYTJkzIE6o3s5ID4Q,hn3Rg2JrhQoDJBEhrpuwWg,1.0,"Three chances and they are out! We tried to like this place as the location is easy and convenient. The bar is great, the staff friendly, but there is not a dish I have tried that is passable (although the asian shrimp wasn't bad, but very sweet). First visit we wrote off as a new restaurant working out the bugs. On our second visit I ordered a turkey burger and received a dry turkey patty. No one informed me that they were out of buns, but they could have at least tried to dress it up. It was seriously a lone piece of ground meat (to their credit, the manager did comp that meal). Today we received fish and chips that had to come out of a box and chicken salad that could have greased my axles!  We won't be back."
Q8hKGUqd-lNtLDc-d2vMjQ,wLFuvZ59HGUJZ3QBgqlmAg,r43DrfYAbAgifsYyNkljZw,1.0,"For many years, RH&B was the place to go in south Jersey for great BBQ and blues. Sadly, after a recent sale, the restaurant has decided to cancel all live music. The food was decent at best, and in the absence of live music offerings  I can no longer recommend this restaurant. The only aspect I will miss are the people who worked there."
vyKiIvMR6aQ5QddXcFJ5yA,_Bc_E_368qHBi70LAWx0mQ,aw5GN4yk6r0r9e_5TdiLFQ,2.0,This use to be a reliable place for sandwiches but the last two were not good at all.  Cheesesteak was light on the meat.  There are so many good rolls to pick from in the Philly area but this roll was one of the worst and stale.  Hopefully it was just an off night. I'll try again but not for awhile.
2QMIwxBiLWoNrtqrucrDKQ,MIUELcIEodpQuSMtwyKayA,zJErbOQMKX-MwHs_ulV7DA,2.0,Maybe I just had bad luck at this property but I am a SPG gold member... quickly approaching platinum and made a reservation at this property. I payed a good amount for my room and when I asked for a larger room they told me they where all the same. I asked did every room have adjoining doors and was told yes. I then told the front desk clerk that I could hear EVERYTHING going on next door including sneezing and even AC talking on CNN 360 very clearly. He told me to come down and get a new key and move to a room there was nobody in. They did not offer to bring me a key or help me move. When I got to the lobby the line was at least 10 people deep and there was only ONE person there. I just gave up and dealt with the noise and a few hours later they finally turned off the TV and I could sleep.  There is nothing fancy about this hotel and the service for sure needs improvement!
AbSXiVHrNquCbR1JvIy0ew,2bj1PF5a2UurpJ60TS9__A,osOONoA8wMF5ZpLWUS7VOw,2.0,"I recently moved in a few blocks away from Henry's and was looking forward to having a neighborhood coffee spot not far from my house. So, on a beautifully humid August morning I walked over to check it.   1) The atmosphere is pretty standard. Open space with the coffee bar in the back left corner and ordinary tables and chairs scattered throughout. No college coffee shop couches or armchairs but no industrial airbnb chic vibe either. Lacked uniqueness.   2) The name Henry reminds me of Thomas the tank engine. Was there a train named Henry on there or not? If so, was he chill or not. Could add one star for chill train association.   3) The coffee was not good. I got an iced coffee (STFU) and it was super bitter. The amount of ice in it wasn't obscene so it had that going for it but other than that idk.  I'm coming back to try some hot coffee or espresso on a cooler day but damn Henry :((( not a great first impression."
c_OmzmaAvChkyZM3LTcuBQ,zZV0NpSoWe4pBoyRzhZRJA,WLrFLRE9uvqj9ahrEjevYw,2.0,"Really nice staff but mediocre Italian food served luke warm.   We went here for a large group dinner around Christmas mostly because it was a BYOB and there was no fixed menu for a group of 10.   We ordered numerous appetizers including, fried gnocchi, calamari, garlic pizza bread, fried zucchini.   It was all just ok.   The main courses were unadventurous Italian American selections.  The sauces were just meh.   Three of us ordered 3 different chicken dishes and they all came out with the same sauce.   Boring.  Although the staff was very accommodating, the food was too lack luster to return."
bg3TAimbMppppLUTfN46nA,R9VOYcIWbNA3Q3qiWF2SsQ,EIlFs8kybcG-l60GJjNUIA,1.0,"AVOID AT ALL COSTS By far the worst pizza I've had. Thin crust was not crunchy, olives were junk and salad was $6 for bad strands of lettuce and minimal cheese which looked horribly powdered. It came in a prepacked divider. Rip off. Not worth more than a dollar.   Their knots were ok, and extremely unhealthy, but rest was crap.  I normally don't order from them or anyone else but good pizza like Grimaldi's, BJs or Mellow Mushroom but I hadn't gone grocery shopping and normally stock up on organic pizza from Publix or whole foods which btw is cheaper and tastier. But, this was the only place opened late.   I never want dominoes again. It's just a reminder that corporate chains need to fall and get out the way. I rather pay for quality. Not preservatives and poison.   Never Again!!!   Calling card tomorrow to get refund! Waste of $30."
7nm3cQS0XGRLtsLGwvuYfg,_YABpjeI9VP3NCCQSuliWA,aKOdfQcjDG2NQtIEmq21ew,2.0,No dark beer in February???  Nice looking place and nice folks...  summer beer in February was a disappointment...
i7wu9qHYX5tGzffCYb56GQ,qms0w0pmjjjaeNojF3-qxQ,b7V_5q22_eTeHlYzq1bpFw,1.0,I read at least 30 reviews before I decided to eat here. The only thing that was good was the oysters because it's raw. Everything else was dry and tasteless. The space is cramp. We had people on our backs coughing on us while sitting at the bar trying to enjoy it. Let's just say the 2 half and half baskets that my boyfriend and I ordered was not worth $60.
hG9RTxxivb0ZXzEk4JXTXA,PuvfPONWyhdtRVPWu7kLpQ,-bGw8ARHQucKWEHEkxpGFw,1.0,"I find it hard to believe there are so many people with such low standards when it comes to the Daily Bread.  It is a ripoff of St. Louis Bread Co/Panera Bread, which in of itself I don't mind at all.  I have eaten multiple times at the Daily Bread and have yet to have an enjoyable experience.  The food is so-so at best.  Their sandwiches are basic and lack any real flavor.  I also tried the BBQ Chicken pizza and it was okay.    I certainly wouldn't steer anyone away from this place based on the food.  The food is basic and simple, not bad but also nothing great.  My biggest qualm with the Daily Bread is the service.  The majority of the workers seem utterly uninterested in helping out.  There was a line of about 6 people and one person at the register.  There was no sense of urgency to help any of the customers in line.  We waited for a good 5-6 minutes to put an order in.  After receiving our cups to get our drinks we looked for a clean place to sit and eventually settled on a table top that was the least dirty of the tables available.  There were plenty of open spots but it just appeared as though there was lots of trash left behind.  Does anyone bus these tables?  I anticipate that people are responsible for cleaning up after themselves, but it appeared as though the tables hadn't been effectively cleaned in a while.  There was also some trash on the floor that hadn't been addressed as well.  The order number was called and the order was only halfway completed.  When we asked which sandwich was ours, we were basically ignored as the girl put up two more orders.   After another few minutes the rest of the order came up and we began to eat.  I tried both items and as I stated before, both were okay.  The problem is that the food was just unable to make up for the lack of organization, the slow speed at which we were served, or the cleanliness of the restaurant.  After 3 attempts, I'm writing the Daily Bread off and won't return.  I'd rather go to St. Louis Bread Co, get the same level of food, but in a clean environment and a timely setting."
yRJkUOmrNhpOOn0-FgnqCQ,w8xOsHgh3xi4pHKO1Fs5Dw,jmwasbZfgj3honf79qKsnA,1.0,"Cashier was trying to put a beer on my to go order and I did not get the fish taco I ordered.  They have nice setting and the establishment seems to be fairly nice, it has got tvs, a bar, a number of tables in various sizes, and a downtown street patio complete with fire heaters for cold nights.  I had the sonoran dog and received two beef tacos that I did not ask for.  The tacos has scraps of beef with cilantro and onion.  They also have the regular styled tacos with tomatoes and lettuce.  The dog was the last one sitting the bin and a bit soggy.  Compared to truck dogs, it does not compare.  The tacos were simply bits of beef with onion and cilantro, nothing impressive and nothing like what is seen in the pictures.  Perhaps, my disappointing experience was due to how the place was packed, had a line out the door by the time I left, and was somewhat loud, but that is no excuse for the terrible eating experience.  They were starting to run out of the beef and dog that I ordered when I got in at the end of a fairly short line, i would hate to think how much worst if I came in a bit later for the dinner rush."
_Y1tXKfLmIINKh5hiGhtQA,7GxRNw03EPMNdZ-JnrbFfw,6kAXOzE7fqaBZINQV_-_mg,2.0,"The food was good, service was horrible. I ordered orange juice for my kids and waited till we were almost done eating then finally got the juices. They take cash or checks only. Everything else was OK, but they could do a little bit better on their service."
d-fLREorT830s70gy_NKOA,5l4d8Ul81LRwAB1RdP4GBA,ERl6OCSEIFBOqfjai_jIUg,1.0,"After coming here for many years, I was very disappointed by my last trip. The one place you never cut corners is in the food, and that's exactly what they did. 2 of the 3 salsas were so watery that you didn't get any tomatillo or tomato on your chip, at all. The third salsa, the pics de gallo, was the worst chop job I've ever seen in a restaurant. Huge pieces of Serrano pepper with varying sizes of everything else, and in stark contrast to the other 2, completely dried out.   Without even looking at the menu, I know what I want... #15. That decision hasn't changed for over 10 years. Today I should have made a different choice. I'm not sure if they recently went thru a purveyor change but the quality of everything on the plate was horrible.   I used to love the rice, it changed. I used to love the chicken quesadilla, now it's flavorless and covered in 2 lbs of cheese for 1/2 a breast.  Please go back to your old ways and cut costs elsewhere, other than the food."
oiDwM8swNfCgBW0jaz9xvg,YcJILUiAH5bjiHjkX1y-hw,bb76HnMUTA-qg2UbFa9dYA,2.0,"Had not been for years.  We went for lunch. Great decor. Great wait staff. Personable and on the ball.  My bud had the fish special, serving was a bit small but delish he said.  I had the fattoush salad with chicken. Spicing was everything it should be. The chicken was good, just that. The lettuce was limp and so was the pita. Not an olive in sight.  Pricey, especially for lunch. We will not be rushing back."
UqUIu24POjFJZ8v57ntYbQ,ekg1bpZjHhHXvSlLWUsfOw,v72HalBu5fQIFTD-oqhSgQ,1.0,"Ive eaten there twice and both times it was terrible. Steak was salty, fish dry, my salad was frozen , service awful. . Im really not sure how this place gets any good reviews."
ARaxXz4N90ew6wG-g5HLYg,TAI2byXVLAam6uB8fao3pw,mQvRi0nm84Www71d4qOheQ,2.0,"Great food, awful service. I ordered online at 6:20, site said it would be ready at 6:40. I get there at 6:37 and i expected to wait a couple minutes but not the entire 20 minutes it takes to cook my food. They didn't even start cooking it till i got there. I leave at 7. They did nothing for the inconvenience and still made me pay full. Honestly, I'm so upset with how the whole situation was handled. Where is the customer service??"
wAcqPJ0fA--rGQ9Mvj63tg,xBNoFLK5NXzME_kV_ixfdg,IL4q5kYnSLSuhjlyxKuNMw,1.0,"They sat us within 5 minutes and then took 40 minutes to even bring out sodas. The table next to us had the same server and got their good before their beverages came out. After almost an hour there with no drinks we tracked down a manager who told us our good never even got entered. I'm on my honeymoon and the friend we were there with had a date to make. Appetizer was the only thing to make it out and was decent boneless wings. Even with the manager begging us to let her get our food together free and not walk out, the service was beyond dismal and slow. First and last time coming to a Beef's. Made us all late. If we had waited at our table for the food we would have made our year anniversary before it came out. Better choices for food elsewhere. Avoid this place at all costs"
g734ECK2zY-JrGmvzom10g,qwV1iiQRv6VukrUeirqToQ,eaDZlSuVS0EY67Ke6pRP6Q,2.0,"I always walk pass this place but decided to finally give it a try because of the reviews and the price. Overall, as someone already stated they have great apps but the entrees are left to be desired. Considering each entree costs ~$8, you get what you pay for. I ordered the Pad Thai and it was bad. Way too sweet with no spicy kick to it. We also ordered the Seafood Crispy Noodles, Pearl Noodles, and a Beef rice dish. All were really mediocre. The Indian pancakes and chicken satay apps were great though. Idk why the entrees were so lackluster. I'm sad I didn't enjoy it more but I'm glad the total was cheap for a night out."
82O69BTaAmwLGb4z20wUiA,FeATs94eA1qDqoJR3nF67Q,tFUJRLtNgIGg8ifaDtM_Kg,1.0,"Great talent but that is not important when time Is more valuable. Sitting here on 3/23/18 at 11:28am. Supposedly opened at 11am. There are 5 of us waiting but no employee to provide service. Tsk, tsk Perfect Arch!"
EWmkTBDTjOQpckZtyMudIQ,IZ6HdSnPbJqvvG4S6GBaWg,oqP1oQEycpp4J6u5YebRoQ,1.0,"After numerous visits here, we really wanted to like this place but each time there has been a number of issues, many repeating. No matter the time of day, it seems to get pretty rowdy and my friends and I have had drinks spilled on us on multiple occasions. Almost every time I have been here with my fiancé or friends, it has taken an abnormally long time to get service whether it be inside, outside at a table or bar. The food is mediocre for the price and a few times the food took MUCH longer to come out than what we were told, and when asking management what was going on, we were told that the estimate was wrong and it was ""too bad"". Staff is rude and far from attentive, though it seems like this place is always over-staffed when we have been here. Amazes me that management allows such a huge lack in customer service. No longer wasting our time and money here, and we advise our friends and family to do the same. It is too much of a hit-and-miss to come here and attempt to have a good time."
I7XGtAW-KkzVDvtCvXAY0g,ulSJonL748r7a1W-t53z9w,jsUzVBGEIoer6l_fxbad2A,1.0,"The worker was awesome; this is a review for the company.  The price paid isn't in alignment to the service provided, it is just expensive. The worker is still paid hourly, which motivates him/her to work the hours. I believe it is a better way to hire someone off craigslist and pay them to do a service, rather than hourly."
NElfLcKdeTwS86PTPEkWjw,H8NDL9vdqls0s48aHj7sSg,EDjEVzmoQVHzboFqC-M6Ew,2.0,"I heard a number of good things about this place ,but I was very disappointed. Parking is terrible which isn't a huge deal but be prepared to spend a few minutes looking for a parking spot. We ordered 5 tacos total and it took about 30 minutes to get them. It seemed a little ridiculous for a few tacos, plus they weren't even hot. Slightly warm at best. Taste was ok, but wasn't anything special at all. Buffalo chicken wasn't great, the  Bbq and Korean were decent and the shrimp was mediocre. Overall, I gave it a shot and it wasn't worth the wait and effort parking so I don't see us going back."
oyPscvzbdr9Cs2Q4fJlPCw,SNeyQTRtCwow-8eS-RalZQ,5kZtETKu37RuwHATrB4a5g,2.0,"The gym part of City Fitness is better than most, good equipment, clean, variety, it's a nice gym. I find the rates reasonable and have been a member since they opened and will continue to be a member. So, for the rating I give the gym at CF a 3.5 star, I give MBSC a 1.5 star for an overall 2.5 star rating.  MBSC review: I thought I would kick it up a notch so joined the MBSC thrive program at CF on South Street and tried it for three months. Trainers really aren't ""personal"" trainers. They have a set program that they put people through and you have very little to say about what you like/don't like. The trainers work with several people in a session so depending on how many people are in a session you could be waiting for the trainer to get back to you or waiting for the person in front of you to finish. One of the things that frustrated me is they want you to push through the routine they have come up for you in the hour's time. The sessions are hard with ropes, sleds, balls, bands, cables, weights and the most uncomfortable stationary bike I've ever had to sit on (and they make you end every session on the thing). No two sessions are alike - so if you like variety then great, if you like consistency or at least enough repetition to get the moves and form down then not so great. I seldom found a session to be fun or enjoyable, rather I often felt like I was a contestant on the Biggest Loser. They also play hip-hop all day long and you either like it or you don't. The environment and training is designed (in my opinion) to appeal to 20-30yo demographic.  If you really want to push yourself beyond your limits and don't care how you get there then you might really enjoy the MBSC program. If you want a professional personal trainer to spend quality time with you in achieving your goals and if you want a training program that you actually learn what muscle groups you are working and not just to be pushed through a routine then you probably won't like MBSC. Definitely do a introductory program because the usual 30 day notice from the contract date applies if you cancel and it's $200+/mo program."
